{"cameraMode":{"drawMode":0,"name":"Shaded","section":"Shading Mode"},"sceneLighting":true,"audioPlay":false,"sceneViewState":{"m_AlwaysRefresh":false,"showFog":true,"showSkybox":true,"showFlares":true,"showImageEffects":true,"showParticleSystems":true,"showVisualEffectGraphs":true,"m_FxEnabled":true},"in2DMode":false,"pivot":{"x":-1.0959117412567139,"y":2.7924962043762209,"z":1.5581371784210206},"rotation":{"x":-0.004958493169397116,"y":0.834506094455719,"z":-0.007510759402066469,"w":-0.550926148891449},"size":2.662127733230591,"orthographic":false}