{"cameraMode":{"drawMode":0,"name":"Shaded","section":"Shading Mode"},"sceneLighting":true,"audioPlay":false,"sceneViewState":{"m_AlwaysRefresh":false,"showFog":true,"showSkybox":true,"showFlares":true,"showImageEffects":true,"showParticleSystems":true,"showVisualEffectGraphs":true,"m_FxEnabled":true},"in2DMode":false,"pivot":{"x":1.2403240203857422,"y":1.9075921773910523,"z":0.836245059967041},"rotation":{"x":-0.03021840937435627,"y":0.9158238172531128,"z":-0.07019758969545365,"w":-0.39424073696136477},"size":2.700253486633301,"orthographic":false}