{"cameraMode":{"drawMode":0,"name":"Shaded","section":"Shading Mode"},"sceneLighting":true,"audioPlay":false,"sceneViewState":{"m_AlwaysRefresh":false,"showFog":true,"showSkybox":true,"showFlares":true,"showImageEffects":true,"showParticleSystems":true,"showVisualEffectGraphs":true,"m_FxEnabled":true},"in2DMode":false,"pivot":{"x":1.6573565006256104,"y":1.9661903381347657,"z":3.234821319580078},"rotation":{"x":0.030945437029004098,"y":-0.9680026769638062,"z":0.15164808928966523,"w":0.1975303441286087},"size":3.1130974292755129,"orthographic":false}