{"cameraMode":{"drawMode":0,"name":"Shaded","section":"Shading Mode"},"sceneLighting":false,"audioPlay":false,"sceneViewState":{"m_AlwaysRefresh":false,"showFog":true,"showSkybox":false,"showFlares":true,"showImageEffects":true,"showParticleSystems":true,"showVisualEffectGraphs":true,"m_FxEnabled":true},"in2DMode":false,"pivot":{"x":0.6150000095367432,"y":1.7100000381469727,"z":1.3015000820159913},"rotation":{"x":-0.004958493169397116,"y":0.834506094455719,"z":-0.007510759402066469,"w":-0.550926148891449},"size":2.6038622856140138,"orthographic":false}